request_id,run_id,station_id,sample_in_run,t0_unix,t4_unix,status
a72f4450-8a95-439a-9817-edc6eb5c337e,2-station-run-1,Station_01,1,1785394597.472239,1785394597.866497,started
d3132338-e173-435d-abde-2f50d3c058b9,2-station-run-1,Station_02,1,1785394597.472461,1785394597.934593,started
afe8ac41-a8b1-484f-82ad-f1507da0dec2,2-station-run-1,Station_01,2,1785394617.497404,1785394617.544592,started
27b45d6f-9db2-4e7d-b854-c9cea2dc9d98,2-station-run-1,Station_02,2,1785394627.495815,1785394627.540254,started
47a0d9f9-7bb0-47e6-802c-0e8150c0b4ab,2-station-run-1,Station_01,3,1785394637.514091,1785394637.560019,started
48636370-f709-427a-af50-b35c54a29d60,2-station-run-1,Station_01,4,1785394657.480525,1785394657.531427,started
928257ac-3f25-4858-8203-882757321ea7,2-station-run-1,Station_02,3,1785394657.480323,1785394657.532178,started
8657ff08-5138-4ed9-8e48-871f8b4f255f,2-station-run-1,Station_01,5,1785394677.463602,1785394677.515278,started
4f11c3bf-823b-4613-a942-ac00a79dfd4f,2-station-run-1,Station_02,4,1785394687.505579,1785394687.550627,started
e23c7a02-807d-469e-a2d5-48f1b0424b92,2-station-run-1,Station_01,6,1785394697.514596,1785394697.562392,started
dcbc376c-dc01-4297-9a94-461221d2972d,2-station-run-1,Station_01,7,1785394717.497261,1785394717.542507,started
7ad89aec-19b0-41fd-bbcd-cd14f0cfe72a,2-station-run-1,Station_02,5,1785394717.496962,1785394717.543602,started
0eb0631e-59fe-4511-b831-0ce0cf07d2b7,2-station-run-1,Station_01,8,1785394737.525892,1785394737.573384,started
b3db5102-55c1-4bcb-b364-b6f5ed9ab9be,2-station-run-1,Station_02,6,1785394747.510764,1785394747.556939,started
8b1240ce-a33c-4594-893a-053cdf192373,2-station-run-1,Station_01,9,1785394757.520980,1785394757.564859,started
38071b73-b916-4723-a92b-9d8bae39ea00,2-station-run-1,Station_02,7,1785394777.499596,1785394777.544234,started
65ffcabe-9ef9-4846-a21a-2eda6a81c898,2-station-run-1,Station_01,10,1785394777.499809,1785394777.544980,started
ba244721-693c-4b22-aed2-b8476d8697a1,2-station-run-1,Station_01,11,1785394797.514882,1785394797.559641,started
299ffc7a-cb8f-4c2d-9304-520a0b7bfb8a,2-station-run-1,Station_02,8,1785394807.537131,1785394807.587186,started
46641100-0531-462e-9254-42e9e81fdd69,2-station-run-1,Station_01,12,1785394817.516282,1785394817.562949,started
524fe86e-4a71-4e61-849f-4b2d7e87b291,2-station-run-1,Station_02,9,1785394837.518014,1785394837.562533,started
54468556-0da7-4b13-a389-4b8d29f22914,2-station-run-1,Station_01,13,1785394837.518223,1785394837.563301,started
95ca13c7-775a-4f5e-acb8-67467369abfa,2-station-run-1,Station_01,14,1785394857.509624,1785394857.553717,started
3210984c-2763-4a4e-b84f-a74e42fd16fc,2-station-run-1,Station_02,10,1785394867.479543,1785394867.525468,started
82f26dba-74e8-4fd3-99ef-f6806f25f04d,2-station-run-1,Station_01,15,1785394877.484380,1785394877.533203,started
b72509f0-3afb-450c-b04d-a166bed9703e,2-station-run-1,Station_02,11,1785394897.464391,1785394897.512730,started
91909d8b-1dec-403b-a9da-d3a42a7f57d0,2-station-run-1,Station_01,16,1785394897.464639,1785394897.513680,started
b9877b0f-be35-43fd-aafa-a39f3a875602,2-station-run-1,Station_01,17,1785394917.488200,1785394917.532157,started
a59fdcca-251d-4f3d-9273-f5393fe206c4,2-station-run-1,Station_02,12,1785394927.508679,1785394927.555829,started
477db7ed-bb08-42af-9827-249ad1fb8158,2-station-run-1,Station_01,18,1785394937.467156,1785394937.511372,started
9fec7643-10b2-4999-b072-d6d58b24890c,2-station-run-1,Station_02,13,1785394957.477851,1785394957.527434,started
cf1574f0-e945-4c90-94c9-acf5c8f94027,2-station-run-1,Station_01,19,1785394957.478150,1785394957.528037,started
d1aab8f1-6c4f-4654-90c3-d8e6017d0325,2-station-run-1,Station_01,20,1785394977.508452,1785394977.554352,started
3004a8e7-82e5-4872-a22f-f9d23d69f273,2-station-run-1,Station_02,14,1785394987.522708,1785394987.569772,started
e9782984-faa1-493c-88e5-f576760d2674,2-station-run-1,Station_01,21,1785394997.470727,1785394997.517653,started
f42d8f61-b3d3-4f83-9b3f-b992ca85abef,2-station-run-1,Station_02,15,1785395017.496074,1785395017.541058,started
80783e3f-e7ce-4a46-a753-c63d9dbef1b4,2-station-run-1,Station_01,22,1785395017.496288,1785395017.541761,started
75829722-4388-4d66-8fe6-1dc52811c1e9,2-station-run-1,Station_01,23,1785395037.476828,1785395037.520377,started
709b3409-ed08-4274-bd9e-1c87a4974a4d,2-station-run-1,Station_02,16,1785395047.475641,1785395047.520000,started
c2da720a-91c2-40d6-887d-4eb72e256d9f,2-station-run-1,Station_01,24,1785395057.495623,1785395057.543679,started
429ae0e6-7061-4c5c-bbea-3e8229045ba1,2-station-run-1,Station_01,25,1785395077.529815,1785395077.575211,started
1f451733-bb36-4a1e-a5f1-e85d7e5fc0d8,2-station-run-1,Station_02,17,1785395077.529599,1785395077.576013,started
c22b372c-75bc-4565-94e2-de5a62d45f7f,2-station-run-1,Station_01,26,1785395097.504640,1785395097.550305,started
c7558412-529d-46d1-bcb5-8350668102ff,2-station-run-1,Station_02,18,1785395107.474534,1785395107.522115,started
2b97bb15-6e9f-4103-a641-a3a03f78e688,2-station-run-1,Station_01,27,1785395117.489121,1785395117.537854,started
0aa1b5dd-d05f-404c-b7d4-7a0c2cfcd80a,2-station-run-1,Station_01,28,1785395137.492511,1785395137.537132,started
6e3f385d-878b-44fc-a346-07770dc04da8,2-station-run-1,Station_02,19,1785395137.492296,1785395137.537970,started
d1cc8a43-cb5a-44ef-97e4-94e09bde2796,2-station-run-1,Station_01,29,1785395157.525179,1785395157.572268,started
a4611b6a-ac99-4f19-a47c-25f65229be01,2-station-run-1,Station_02,20,1785395167.494272,1785395167.540013,started
fe437cef-1cf5-453e-b036-f424e8d9a7af,2-station-run-1,Station_01,30,1785395177.509560,1785395177.555646,started
0dfdd678-8230-412d-b69f-caf015967cb5,2-station-run-1,Station_02,21,1785395197.494632,1785395197.539028,started
9bd0e668-3c3a-4dde-bb45-5c3279924f4b,2-station-run-1,Station_01,31,1785395197.494848,1785395197.539937,started
08def4c6-163c-420b-8ffd-a9b2957b9eb7,2-station-run-1,Station_01,32,1785395217.526022,1785395217.570286,started
50cc0e6c-705c-441b-aea4-2f6a35a37e82,2-station-run-1,Station_02,22,1785395227.491729,1785395227.537811,started
181419b4-a949-45cf-a196-df4197479049,2-station-run-1,Station_01,33,1785395237.501559,1785395237.545259,started
de0e319b-b0fc-475a-bedd-7f7c7ad28783,2-station-run-1,Station_02,23,1785395257.510468,1785395257.556563,started
d4fa2f78-7299-4cf2-b3a0-800a3dff5906,2-station-run-1,Station_01,34,1785395257.510817,1785395257.557413,started
6c5b47c9-5e8e-4e02-b0ac-349817053920,2-station-run-1,Station_01,35,1785395277.506314,1785395277.552300,started
a4dbd26e-7d6a-4d1a-a34b-de8b17d394ba,2-station-run-1,Station_02,24,1785395287.505612,1785395287.555866,started
2f4f1c5f-31b8-4ca7-84fb-e7195f2c5838,2-station-run-1,Station_01,36,1785395297.515602,1785395297.562999,started
a2cea384-0284-4900-92a1-ef354488ac9c,2-station-run-1,Station_01,37,1785395317.508529,1785395317.554460,started
b56ba681-c7fc-40e6-b196-13df47568d07,2-station-run-1,Station_02,25,1785395317.508324,1785395317.555223,started
550b7c85-8b2c-4584-9cfc-7382f7bb51b0,2-station-run-1,Station_01,38,1785395337.483844,1785395337.529661,started
576e772d-0c70-4ad1-9def-d8899fc8c298,2-station-run-1,Station_02,26,1785395347.490088,1785395347.537221,started
490cb9ac-9a6b-448e-9bf0-25656b2e335a,2-station-run-1,Station_01,39,1785395357.499482,1785395357.544842,started
32e970bd-a61b-4f21-afd9-419200ff2cb8,2-station-run-1,Station_01,40,1785395377.491219,1785395377.536179,started
f311a407-2208-4e9b-9785-8a4e0bb19b59,2-station-run-1,Station_02,27,1785395377.490897,1785395377.536973,started
71476fbd-449b-4c93-9184-b0de539c01c8,2-station-run-1,Station_01,41,1785395397.500151,1785395397.547423,started
c84fd3c7-3dd5-44b7-9683-38454b9acfeb,2-station-run-1,Station_02,28,1785395407.486713,1785395407.531566,started
5eeaa542-a120-4b86-87f4-89695d048428,2-station-run-1,Station_01,42,1785395417.497057,1785395417.542839,started
f70ff90b-95a5-4f25-a43e-ee98f17e0538,2-station-run-1,Station_01,43,1785395437.482869,1785395437.534142,started
39e2be38-0b7a-49bb-86a6-1ed92e00a218,2-station-run-1,Station_02,29,1785395437.482639,1785395437.535020,started
f399d90a-b849-4193-bdac-ad60b2a9efe3,2-station-run-1,Station_01,44,1785395457.493438,1785395457.537224,started
cb4a646b-323b-43bb-a3c5-d0f0290d218e,2-station-run-1,Station_02,30,1785395467.499350,1785395467.548929,started
f31498ec-94dc-453e-80a1-d4736578ffc1,2-station-run-1,Station_01,45,1785395477.474435,1785395477.520643,started
75da9a50-6115-4b79-88bb-1b79a284269f,2-station-run-1,Station_01,46,1785395497.495185,1785395497.540197,started
9c12427b-d561-456a-b4bb-a13aeb5f7816,2-station-run-1,Station_02,31,1785395497.494977,1785395497.541079,started
11faf45b-44b1-41c1-be38-e4ccbecd10a0,2-station-run-1,Station_01,47,1785395517.502574,1785395517.547297,started
7f75d38a-e194-4975-98ae-bf487fb02d5e,2-station-run-1,Station_02,32,1785395527.503918,1785395527.554986,started
3d36362b-b053-41b8-8874-367d0b7e6c78,2-station-run-1,Station_01,48,1785395537.524013,1785395537.570427,started
31828121-f147-4b83-a059-89b5a001da64,2-station-run-1,Station_02,33,1785395557.505124,1785395557.561931,started
9db66cf6-5b6c-4976-acf0-e4fb756687fc,2-station-run-1,Station_01,49,1785395557.513037,1785395557.562741,started
42de0d9d-7a2c-452a-af89-7a816b2b1f1c,2-station-run-1,Station_01,50,1785395577.493764,1785395577.541317,started
3129f047-f64e-4554-a5e2-273a846ddc0c,2-station-run-1,Station_02,34,1785395587.515855,1785395587.560898,started
3110bd9d-5141-4d1f-86e0-19046d589fc9,2-station-run-1,Station_01,51,1785395597.511535,1785395597.556472,started
8f37ac44-b3e8-4255-ba4c-ab3d14ac8d73,2-station-run-1,Station_01,52,1785395617.513548,1785395617.559817,started
b69095cb-514e-45bf-98a0-d7f563798b8f,2-station-run-1,Station_02,35,1785395617.513310,1785395617.560618,started
db254291-e917-4a4f-bd22-0f3e4df32f78,2-station-run-1,Station_01,53,1785395637.511668,1785395637.563114,started
d36aa650-4984-4eed-8bae-db015ad877cc,2-station-run-1,Station_02,36,1785395647.525756,1785395647.570710,started
fe5c9a7f-9f96-4992-85db-cff3840523cd,2-station-run-1,Station_01,54,1785395657.489825,1785395657.534132,started
ec633b2a-b9bc-478e-a4e4-036f439e6a79,2-station-run-1,Station_02,37,1785395677.478092,1785395677.525776,started
d0b220b7-cd87-4e1c-8871-89b3441c264f,2-station-run-1,Station_01,55,1785395677.478316,1785395677.526517,started
e1bdff1f-3b2e-48dd-b50e-7809ddcce29b,2-station-run-1,Station_01,56,1785395697.507538,1785395697.556672,started
5f29ea85-b016-46c5-a196-bfbbce4194e4,2-station-run-1,Station_02,38,1785395707.523610,1785395707.568402,started
4e89602c-5e76-4b70-9182-56901d071c6b,2-station-run-1,Station_01,57,1785395717.522460,1785395717.567998,started
1613aa09-52ea-478a-8753-67162230b2a2,2-station-run-1,Station_02,39,1785395737.498961,1785395737.547347,started
7aca8c68-c814-432c-9f8a-6d8663ad0a60,2-station-run-1,Station_01,58,1785395737.499283,1785395737.548106,started
b939c7d3-9955-4570-a08a-38276cb679ea,2-station-run-1,Station_01,59,1785395757.474864,1785395757.518622,started
f596b89a-28ad-4f13-86ea-014e4a11c1ef,2-station-run-1,Station_02,40,1785395767.484604,1785395767.530552,started
db9e9d7c-b3b6-4d7d-9377-95594e345de0,2-station-run-1,Station_01,60,1785395777.491776,1785395777.537827,started
4b89f074-dbc7-46ae-981a-10f5faec6d4f,2-station-run-1,Station_01,61,1785395797.505357,1785395797.553200,started
5983dc59-b5ca-4421-b830-f5bf0c8a81b0,2-station-run-1,Station_02,41,1785395797.505147,1785395797.553959,started
b485fad0-4da8-492b-a6be-48f48800ada3,2-station-run-1,Station_01,62,1785395817.537421,1785395817.584325,started
ae3a421f-642f-4ba6-99e6-6e40d226b178,2-station-run-1,Station_02,42,1785395827.497063,1785395827.543988,started
63bae75f-2aec-418e-9f4c-b40f5999d63f,2-station-run-1,Station_01,63,1785395837.497729,1785395837.544043,started
f92545fc-b6b4-41a1-b0ce-3000dbd45b0b,2-station-run-1,Station_02,43,1785395857.521180,1785395857.566860,started
3d583fa4-4ac5-45c6-abe2-a8a0e2cbe8c7,2-station-run-1,Station_01,64,1785395857.521395,1785395857.567651,started
877e2a43-c99a-4472-8bee-f2c47d7e0928,2-station-run-1,Station_01,65,1785395877.502229,1785395877.546216,started
1d84c2fe-39f3-4952-85fb-88b6c14699c7,2-station-run-1,Station_02,44,1785395887.516627,1785395887.566530,started
f447e342-1990-4fba-b41d-11c67074333b,2-station-run-1,Station_01,66,1785395897.480628,1785395897.529512,started
723099dd-dd4b-4940-8cd5-eba76d332e1f,2-station-run-1,Station_02,45,1785395917.522928,1785395917.573100,started
efd347cd-a700-4f9c-adbc-1f8627c60874,2-station-run-1,Station_01,67,1785395917.523170,1785395917.573963,started
470f706d-ec7b-4c55-9a73-141366361e39,2-station-run-1,Station_01,68,1785395937.537321,1785395937.588375,started
54ff1b6d-401c-41ee-9c9b-470d7951595c,2-station-run-1,Station_02,46,1785395947.502767,1785395947.547959,started
07bdf47f-3c6f-4a02-a86b-c7e413794455,2-station-run-1,Station_01,69,1785395957.520520,1785395957.567467,started
dfb2f6a3-f321-4ff2-b2b8-c1a76eeb8f69,2-station-run-1,Station_02,47,1785395977.478199,1785395977.513908,started
d63aad63-9c89-4958-83f0-22fe37ab3ed6,2-station-run-1,Station_01,70,1785395977.511786,1785395977.562818,started
29d2e74c-4012-461c-86ca-48b5f8e56d9b,2-station-run-1,Station_01,71,1785395997.501914,1785395997.545874,started
e4f75170-2f62-4c1e-81f6-bfefe55d22fb,2-station-run-1,Station_02,48,1785396007.517430,1785396007.561583,started
5bda128c-e701-4aae-b01d-d3bcbed27886,2-station-run-1,Station_01,72,1785396017.489713,1785396017.533260,started
74710cd9-3b32-45e2-b4c3-cd5224ac7e70,2-station-run-1,Station_02,49,1785396037.527012,1785396037.572556,started
11fe4599-ad8c-4d2c-a81f-3cfb6caef8d1,2-station-run-1,Station_01,73,1785396037.527292,1785396037.573353,started
9624aeb7-3d44-4a4f-b8cd-2ebd453966a3,2-station-run-1,Station_01,74,1785396057.480851,1785396057.527802,started
10b90c84-10bb-482e-baa4-9ca955c631ee,2-station-run-1,Station_02,50,1785396067.497483,1785396067.543295,started
03bd924d-ba4e-4d22-8758-76dcafbba177,2-station-run-1,Station_01,75,1785396077.518034,1785396077.562918,started
95be5bea-6c2e-49c8-abe3-5cbf49ec4ae3,2-station-run-1,Station_01,76,1785396097.498825,1785396097.546307,started
eb886e34-aa6f-4c08-8d90-350db4a7688e,2-station-run-1,Station_02,51,1785396097.498615,1785396097.547255,started
c038968e-43f7-492b-bc79-b5c006df56d9,2-station-run-1,Station_01,77,1785396117.479689,1785396117.525426,started
04336fc1-6d9a-4e97-9275-7958d1ca5645,2-station-run-1,Station_02,52,1785396127.483252,1785396127.529142,started
1f2a2740-d69e-4515-80ec-752bf65e7ff6,2-station-run-1,Station_01,78,1785396137.492090,1785396137.536844,started
4471984b-5228-44b6-a4c9-b9873eb386c2,2-station-run-1,Station_01,79,1785396157.509629,1785396157.560115,started
d3b67769-5a70-4750-8654-27279bdab198,2-station-run-1,Station_02,53,1785396157.509404,1785396157.561009,started
2fa5df06-41dc-4454-96c8-19f42414b3dd,2-station-run-1,Station_01,80,1785396177.524751,1785396177.571287,started
3b45d6ea-68ca-4da0-8d75-1cc62f11657c,2-station-run-1,Station_02,54,1785396187.491258,1785396187.535069,started
581e1b22-daae-4882-9686-f449b6ef0efb,2-station-run-1,Station_01,81,1785396197.498226,1785396197.542794,started
1a578503-f07c-4dbe-825a-e5b87aadb6e9,2-station-run-1,Station_01,82,1785396217.524603,1785396217.569976,started
c695d910-bbec-4210-866e-50fdaaa35d55,2-station-run-1,Station_02,55,1785396217.524300,1785396217.570737,started
3414d0a0-fb93-49ae-8e35-93a56730b7f3,2-station-run-1,Station_01,83,1785396237.503227,1785396237.549369,started
8d103144-a38b-4b4f-8475-b837ed39495e,2-station-run-1,Station_02,56,1785396247.513412,1785396247.557109,started
3c803421-a1b7-469e-a17a-86056d6ded21,2-station-run-1,Station_01,84,1785396257.470871,1785396257.516399,started
6708359e-212f-40b6-9809-6dcb51bef6e1,2-station-run-1,Station_01,85,1785396277.526083,1785396277.571876,started
75b5f567-d617-4b01-95fc-813e84cfe535,2-station-run-1,Station_02,57,1785396277.525818,1785396277.572732,started
b0e9322e-1e5b-4330-ae12-f2ba60f2ca8b,2-station-run-1,Station_01,86,1785396297.504119,1785396297.551028,started
871d8ec2-f4b3-4840-8b80-e35d022da5b5,2-station-run-1,Station_02,58,1785396307.523278,1785396307.570901,started
1f7fcb46-ccc9-4f4f-ac55-da40ee4652e9,2-station-run-1,Station_01,87,1785396317.490993,1785396317.542328,started
da1a55af-68b6-4a4f-a090-f1908956cee4,2-station-run-1,Station_01,88,1785396337.516175,1785396337.561589,started
4d0d1821-2e84-4e20-a9ed-1df6a6b47bcf,2-station-run-1,Station_02,59,1785396337.515960,1785396337.562431,started
e2e393ca-5b7c-4a73-a209-fc3ebf476b24,2-station-run-1,Station_01,89,1785396357.482835,1785396357.528879,started
20397379-4b49-4c26-a119-c8ef77c500fd,2-station-run-1,Station_02,60,1785396367.483409,1785396367.528591,started
4852f7b5-5f0f-49d2-bc85-979c32a7ab6c,2-station-run-1,Station_01,90,1785396377.473636,1785396377.520428,started
354cd0de-34dd-4290-85cb-f7364ea14bf0,2-station-run-1,Station_02,61,1785396397.489852,1785396397.535635,started
159a165e-dfbc-44df-9f55-8f7b42beeb9e,2-station-run-1,Station_01,91,1785396397.490061,1785396397.536438,started
c1a9c13a-f724-495a-9733-1aa80576b6d8,2-station-run-1,Station_01,92,1785396417.532340,1785396417.578698,started
3a6ad541-d569-4614-b764-6b2985894098,2-station-run-1,Station_02,62,1785396427.496471,1785396427.542276,started
56cbeece-2b69-4b3c-b59d-6515afba6fdd,2-station-run-1,Station_01,93,1785396437.518116,1785396437.561908,started
fd481c0e-6469-425f-805d-d4988b1d1043,2-station-run-1,Station_01,94,1785396457.477529,1785396457.521317,started
ef216f07-bb69-4495-8939-23ff68284ab1,2-station-run-1,Station_02,63,1785396457.477297,1785396457.522149,started
2f76acac-e7c2-4fb8-91e3-ae251e19c48d,2-station-run-1,Station_01,95,1785396477.496035,1785396477.540843,started
3a013bed-10b9-4689-b2d2-0efd0ec4033b,2-station-run-1,Station_02,64,1785396487.479591,1785396487.528375,started
eaf22ae0-f631-43b0-8744-f18b36634993,2-station-run-1,Station_01,96,1785396497.527648,1785396497.571734,started
8e419b4d-f6b8-4468-a7fa-00a38826e0b7,2-station-run-1,Station_01,97,1785396517.485463,1785396517.531268,started
f97ffa1a-672b-451e-a076-f087da07fdc3,2-station-run-1,Station_02,65,1785396517.485225,1785396517.532063,started
7357842b-6547-4837-91c1-39903fb9cb15,2-station-run-1,Station_01,98,1785396537.504206,1785396537.550651,started
74f3b642-6253-4327-911b-17279d24436d,2-station-run-1,Station_02,66,1785396547.529965,1785396547.574138,started
d385d5f0-3b40-4cc8-ac45-06529b577a1d,2-station-run-1,Station_01,99,1785396557.495981,1785396557.541708,started
ce6cfb1f-56d3-45d0-a7b9-b676ca976806,2-station-run-1,Station_01,100,1785396577.514050,1785396577.565000,started
4185d44a-e8b4-46fe-8bf4-f47c740d4507,2-station-run-1,Station_02,67,1785396577.513712,1785396577.565981,started
714c6b17-c252-462c-957f-11a3130ca070,2-station-run-1,Station_01,101,1785396597.471918,1785396597.516339,started
2a9c1d75-4eb4-4c08-bdb6-52eabf95f943,2-station-run-1,Station_02,68,1785396607.506767,1785396607.551835,started
f401d5e4-6585-4d3a-aef8-7582f8cff747,2-station-run-1,Station_01,102,1785396617.486755,1785396617.531523,started
94852d2d-7090-4d92-97a6-54d9656a1e49,2-station-run-1,Station_02,69,1785396637.502551,1785396637.551117,started
dbe5155a-7b6a-4f30-bea5-1fb337e2d734,2-station-run-1,Station_01,103,1785396637.502759,1785396637.552112,started
a10c9eeb-4502-4a8e-9349-f5607dccf435,2-station-run-1,Station_01,104,1785396657.503872,1785396657.550271,started
61336499-b797-4788-ba72-9836d909b629,2-station-run-1,Station_02,70,1785396667.527131,1785396667.573690,started
d595e598-a5d0-453b-9f48-0cbe3cc04c6a,2-station-run-1,Station_01,105,1785396677.508311,1785396677.553501,started
2fe7bb97-c28d-4ede-843a-0eca5ef7f53f,2-station-run-1,Station_01,106,1785396697.512854,1785396697.564628,started
80ecbee5-a0c0-43f3-896a-851386ac42d4,2-station-run-1,Station_02,71,1785396697.512529,1785396697.565494,started
d0cda57a-d73e-4725-8ef4-d1367bd0fc7e,2-station-run-1,Station_01,107,1785396717.500289,1785396717.543702,started
9df6758c-c875-4d45-bf1d-a7ac8f830282,2-station-run-1,Station_02,72,1785396727.491868,1785396727.539436,started
feef26a8-35c5-4faf-9de3-75931aa07132,2-station-run-1,Station_01,108,1785396737.530343,1785396737.574924,started
8c10f606-f26e-4854-8f51-a1e5ab68fb6f,2-station-run-1,Station_02,73,1785396757.523511,1785396757.574374,started
f4563119-ad45-4991-a955-a863501ea9ef,2-station-run-1,Station_01,109,1785396757.529577,1785396757.575302,started
99869268-db17-4b67-b4d2-a6a309c209c8,2-station-run-1,Station_01,110,1785396777.508275,1785396777.553590,started
63d9a8a1-217d-4315-9caa-98b32e6b65df,2-station-run-1,Station_02,74,1785396787.520406,1785396787.565251,started
4827ad4f-fbba-465c-a6d8-2e1546149665,2-station-run-1,Station_01,111,1785396797.485579,1785396797.532922,started
bd9ebd49-b6fd-4257-bff4-44e57a8dab59,2-station-run-1,Station_01,112,1785396817.492521,1785396817.536369,started
1798862c-8b4f-4f51-94bd-064abb9d45d6,2-station-run-1,Station_02,75,1785396817.491019,1785396817.537154,started
b3e8972f-4fda-4d45-9847-49f5e1491f56,2-station-run-1,Station_01,113,1785396837.518229,1785396837.567271,started
2e8e6ca4-6a6a-4464-be08-e8b144de3524,2-station-run-1,Station_02,76,1785396847.484141,1785396847.534890,started
9c3a442d-6139-4af8-91cb-7c37627b1d45,2-station-run-1,Station_01,114,1785396857.511265,1785396857.558699,started
977a5f0a-f846-43b2-95e2-90291faab525,2-station-run-1,Station_02,77,1785396877.518854,1785396877.569945,started
62f1d305-81da-4a06-bad2-e2a1e31714d7,2-station-run-1,Station_01,115,1785396877.519083,1785396877.570871,started
08b80b4d-ef19-4add-bac7-0128d5a1f539,2-station-run-1,Station_01,116,1785396897.502435,1785396897.549045,started
10c5f723-10da-46b1-b8d7-13648c54082e,2-station-run-1,Station_02,78,1785396907.518950,1785396907.568695,started
9d34b92a-7ffb-4ec8-a987-0f68aa2db05f,2-station-run-1,Station_01,117,1785396917.488335,1785396917.536450,started
27a71411-1eb0-43b3-9f9f-7578ad38854c,2-station-run-1,Station_02,79,1785396937.536569,1785396937.583708,started
76072540-17b2-4213-8ae4-b813116cfd37,2-station-run-1,Station_01,118,1785396937.536810,1785396937.584579,started
01f977a6-af4b-48ad-9681-0559ba552b22,2-station-run-1,Station_01,119,1785396957.519281,1785396957.562896,started
d636a3db-2e6b-45e4-9bef-8a2bbd1cb76a,2-station-run-1,Station_02,80,1785396967.494574,1785396967.542534,started
fd70f942-5e36-4dd5-b1bb-b196b218d021,2-station-run-1,Station_01,120,1785396977.507505,1785396977.554061,started
5195e451-2799-4ce2-b959-e73ae4d3ca3a,2-station-run-1,Station_01,121,1785396997.492185,1785396997.541385,started
bcb11617-024b-407c-996f-9583ce74c0df,2-station-run-1,Station_02,81,1785396997.491973,1785396997.542239,started
66805953-0173-492c-8909-4148adbc5e25,2-station-run-1,Station_01,122,1785397017.514139,1785397017.564734,started
046cb061-75ae-40a9-b711-bf8174dd972b,2-station-run-1,Station_02,82,1785397027.527750,1785397027.576239,started
f6f4fe23-8a36-43cf-ac46-2e76c252d230,2-station-run-1,Station_01,123,1785397037.481799,1785397037.531929,started
f4ed219f-b6b7-492a-8ff0-fb5411e1699b,2-station-run-1,Station_01,124,1785397057.516951,1785397057.563276,started
b7bb82a4-3f03-4c39-95eb-fdd821cd6ec2,2-station-run-1,Station_02,83,1785397057.516745,1785397057.564051,started
85c7241e-3932-4832-b1aa-90a729b6ab41,2-station-run-1,Station_01,125,1785397077.496125,1785397077.542397,started
480f10f2-59c8-486a-827a-81f15a832da4,2-station-run-1,Station_02,84,1785397087.510969,1785397087.558213,started
e4f82658-fe0d-4b88-8e90-21ded37e6e91,2-station-run-1,Station_01,126,1785397097.517206,1785397097.561626,started
4d6f9bc6-4364-43b4-9df0-74e8bfd141ce,2-station-run-1,Station_02,85,1785397117.500727,1785397117.549082,started
fe4c28ea-ba38-4029-84f8-36350ac592b5,2-station-run-1,Station_01,127,1785397117.500938,1785397117.549870,started
63fa6f7f-b1b7-496b-a370-4a7e0c582040,2-station-run-1,Station_01,128,1785397137.515043,1785397137.560268,started
83c79905-1fa8-4918-a0d5-594b8a11959e,2-station-run-1,Station_02,86,1785397147.527920,1785397147.571764,started
2acb2cae-94b2-402d-acaf-77a189b571cf,2-station-run-1,Station_01,129,1785397157.512138,1785397157.559322,started
8da59e5d-e2a0-42fc-b705-ebedee92cebc,2-station-run-1,Station_02,87,1785397177.509442,1785397177.555167,started
cad5552e-9017-46f0-b48a-c4c0e9f81705,2-station-run-1,Station_01,130,1785397177.509659,1785397177.556004,started
755a5b67-fac2-44b9-a705-7ee277aaf757,2-station-run-1,Station_01,131,1785397197.481025,1785397197.525915,started
3f9aa7ee-e0e1-4b84-bd5e-4a5a52b7ffe5,2-station-run-1,Station_02,88,1785397207.487112,1785397207.537487,started
c6b1da9f-017d-4644-8baa-8a01073ee308,2-station-run-1,Station_01,132,1785397217.503793,1785397217.549267,started
7c442f1a-4a3f-488e-9e15-cd3b0ff05df7,2-station-run-1,Station_01,133,1785397237.473199,1785397237.520312,started
c4539594-754d-4065-9558-ec54f8bb6c3e,2-station-run-1,Station_02,89,1785397237.472912,1785397237.521534,started
fd513f4d-3f0d-4167-9a9d-99aadc95ed1b,2-station-run-1,Station_01,134,1785397257.501850,1785397257.551438,started
8d53a986-e1e9-4827-8986-009289749022,2-station-run-1,Station_02,90,1785397267.525290,1785397267.571294,started
9f8e8b54-6bfd-41de-9a44-cd02d7e6fab9,2-station-run-1,Station_01,135,1785397277.487187,1785397277.534641,started
4588ced6-907d-440f-9478-68e6c7aad944,2-station-run-1,Station_02,91,1785397297.496018,1785397297.545908,started
d035fcdb-d1b3-4b30-a85a-62fa8fd721ae,2-station-run-1,Station_01,136,1785397297.496233,1785397297.546859,started
74b7765c-4d6b-4ea0-905f-bfc335d29926,2-station-run-1,Station_01,137,1785397317.522269,1785397317.568775,started
a8cca4e9-0e9b-4f9f-a743-15ed3de182b6,2-station-run-1,Station_02,92,1785397327.546253,1785397327.596509,started
bd1fd08c-cd8a-4c6f-bfd2-67f3ba26657d,2-station-run-1,Station_01,138,1785397337.502876,1785397337.548166,started
6055c297-8eb3-443b-ae68-e9ee45aeff4a,2-station-run-1,Station_02,93,1785397357.528635,1785397357.575430,started
8773e52d-6602-4911-b8ab-42f1c59e66fc,2-station-run-1,Station_01,139,1785397357.528847,1785397357.576290,started
6b2cbe3e-084c-4589-b26d-b7f4722c94df,2-station-run-1,Station_01,140,1785397377.476140,1785397377.522494,started
3f1ca4ad-ed34-47d3-82a4-401b734bfb30,2-station-run-1,Station_02,94,1785397387.493107,1785397387.542209,started
0cbcdeee-f5ae-4df2-8788-8492e0094901,2-station-run-1,Station_01,141,1785397397.514704,1785397397.561707,started
adef5eac-4401-4a2f-852f-469ccb77f21e,2-station-run-1,Station_01,142,1785397417.505229,1785397417.553132,started
a2344abb-a676-4338-bdb3-84c29cbcb37a,2-station-run-1,Station_02,95,1785397417.505018,1785397417.553947,started
1244fd95-af46-48f2-ac19-1e213a3c90ec,2-station-run-1,Station_01,143,1785397437.539124,1785397437.583888,started
941fb06a-3a87-4f1b-971e-456647df8030,2-station-run-1,Station_02,96,1785397447.491256,1785397447.535609,started
f92a6407-9fd4-4d67-9f94-e40dbc7cd6c6,2-station-run-1,Station_01,144,1785397457.491246,1785397457.539572,started
daa805cf-4b10-4214-b999-88d5c8949a8a,2-station-run-1,Station_01,145,1785397477.502301,1785397477.550629,started
5fecc67b-4886-447a-90cc-260cf0ec4cee,2-station-run-1,Station_02,97,1785397477.502537,1785397477.551547,started
dd9bdc28-1078-4a05-b482-9a36103d9e36,2-station-run-1,Station_01,146,1785397497.517869,1785397497.561429,started
664e48be-d05c-43ed-81ad-ce11c26e1815,2-station-run-1,Station_02,98,1785397507.499532,1785397507.549154,started
ae005cc5-633f-4a24-ad90-e2878e9692bc,2-station-run-1,Station_01,147,1785397517.528002,1785397517.576694,started
29350e6e-88cf-4006-baf6-03a5837a4019,2-station-run-1,Station_01,148,1785397537.487213,1785397537.532040,started
0a1ff3f7-a277-421d-883c-fb491600626b,2-station-run-1,Station_02,99,1785397537.538677,1785397537.583998,started
993306fe-2759-4267-bc84-b57b0262b17e,2-station-run-1,Station_01,149,1785397557.495025,1785397557.539216,started
21b332f7-155c-4249-9667-9cdfc0cb61f6,2-station-run-1,Station_02,100,1785397567.509817,1785397567.558782,started
9968375b-1213-4fcf-9177-f0183efc5b41,2-station-run-1,Station_01,150,1785397577.526543,1785397577.570333,started
